instructor_name,average_completion_percentage
Marta López,66.1428571428571429
Carlos Vega,40.0000000000000000
Lucia Prades,36.5000000000000000
Pending assignment,0.00000000000000000000